name,time,buy_qty,sell_qty,percent_profit,stable_profit
admin,1581615583783,14.88632,15.92531,6.979495268138791,1.03899